{
    "config": {
        "samples_number": 10,
        "bin_size": 10,
        "growth_factor": 2,
        "backtracking": true,
        "approximation": true,
        "greedy": true
    },
    "results": {
        "0": {
            "time": 0.0002570152282714844,
            "bins": [
                [
                    0.433,
                    0.407
                ],
                [
                    0.868
                ],
                [
                    0.605,
                    0.369
                ],
                [
                    0.854
                ],
                [
                    0.876
                ],
                [
                    0.829
                ],
                [
                    0.89
                ],
                [
                    0.991
                ]
            ],
            "bins_number": 8
        },
        "1": {
            "time": 0.00017309188842773438,
            "bins": [
                [
                    0.019,
                    0.199,
                    0.22,
                    0.391
                ],
                [
                    0.549,
                    0.384
                ],
                [
                    0.375
                ],
                [
                    0.897
                ],
                [
                    0.648
                ],
                [
                    0.994
                ]
            ],
            "bins_number": 6
        },
        "2": {
            "time": 0.00020503997802734375,
            "bins": [
                [
                    0.465,
                    0.074,
                    0.382
                ],
                [
                    0.939
                ],
                [
                    0.554,
                    0.208
                ],
                [
                    0.653
                ],
                [
                    0.48
                ],
                [
                    0.727
                ],
                [
                    0.978
                ]
            ],
            "bins_number": 7
        },
        "3": {
            "time": 0.0001811981201171875,
            "bins": [
                [
                    0.035,
                    0.036,
                    0.841
                ],
                [
                    0.608,
                    0.179,
                    0.191
                ],
                [
                    0.445,
                    0.544
                ],
                [
                    0.793
                ],
                [
                    0.879
                ]
            ],
            "bins_number": 5
        },
        "4": {
            "time": 0.0004849433898925781,
            "bins": [
                [
                    0.085,
                    0.804
                ],
                [
                    0.976
                ],
                [
                    0.266,
                    0.69
                ],
                [
                    0.222,
                    0.352,
                    0.275
                ],
                [
                    0.785
                ],
                [
                    0.74
                ]
            ],
            "bins_number": 6
        },
        "5": {
            "time": 0.00040340423583984375,
            "bins": [
                [
                    0.075,
                    0.908
                ],
                [
                    0.402,
                    0.44,
                    0.156
                ],
                [
                    0.047,
                    0.09,
                    0.402
                ],
                [
                    0.985
                ],
                [
                    0.677
                ]
            ],
            "bins_number": 5
        },
        "6": {
            "time": 0.0002617835998535156,
            "bins": [
                [
                    0.02,
                    0.26,
                    0.641
                ],
                [
                    0.583
                ],
                [
                    0.703
                ],
                [
                    0.825
                ],
                [
                    0.604
                ],
                [
                    0.824
                ],
                [
                    0.928
                ],
                [
                    0.691
                ]
            ],
            "bins_number": 8
        },
        "7": {
            "time": 0.00028967857360839844,
            "bins": [
                [
                    0.058,
                    0.755
                ],
                [
                    0.28,
                    0.583
                ],
                [
                    0.498,
                    0.369
                ],
                [
                    0.33
                ],
                [
                    0.947
                ],
                [
                    0.71
                ],
                [
                    0.818
                ]
            ],
            "bins_number": 7
        },
        "8": {
            "time": 0.00012493133544921875,
            "bins": [
                [
                    0.066,
                    0.371,
                    0.327
                ],
                [
                    0.498,
                    0.471
                ],
                [
                    0.264,
                    0.613
                ],
                [
                    0.75
                ],
                [
                    0.961
                ],
                [
                    0.87
                ]
            ],
            "bins_number": 6
        },
        "9": {
            "time": 0.0002410411834716797,
            "bins": [
                [
                    0.179,
                    0.35
                ],
                [
                    0.941
                ],
                [
                    0.594
                ],
                [
                    0.507
                ],
                [
                    0.92
                ],
                [
                    0.934
                ],
                [
                    0.636
                ],
                [
                    0.939
                ],
                [
                    0.968
                ]
            ],
            "bins_number": 9
        }
    }
}