{
    "start": 1,
    "stop": 100002,
    "step": 10000,
    "times": 10,
    "var": "n",
    "check_greedy": true,
    "results": {
        "greedy": {
            "1": [
                [
                    0.0,
                    true
                ],
                [
                    0.0,
                    true
                ],
                [
                    0.0,
                    true
                ],
                [
                    0.0,
                    true
                ],
                [
                    0.0,
                    true
                ],
                [
                    0.0,
                    true
                ],
                [
                    0.0,
                    true
                ],
                [
                    0.0,
                    true
                ],
                [
                    0.0,
                    true
                ],
                [
                    0.0,
                    true
                ]
            ],
            "10001": [
                [
                    0.0009999275207519531,
                    true
                ],
                [
                    0.0,
                    true
                ],
                [
                    0.0,
                    true
                ],
                [
                    0.0010001659393310547,
                    true
                ],
                [
                    0.0010018348693847656,
                    true
                ],
                [
                    0.0009927749633789062,
                    true
                ],
                [
                    0.0010006427764892578,
                    true
                ],
                [
                    0.0010001659393310547,
                    true
                ],
                [
                    0.0,
                    true
                ],
                [
                    0.0009937286376953125,
                    true
                ]
            ],
            "20001": [
                [
                    0.002000570297241211,
                    true
                ],
                [
                    0.001001119613647461,
                    true
                ],
                [
                    0.0010004043579101562,
                    true
                ],
                [
                    0.0010099411010742188,
                    true
                ],
                [
                    0.0020673274993896484,
                    true
                ],
                [
                    0.0014293193817138672,
                    true
                ],
                [
                    0.001994609832763672,
                    true
                ],
                [
                    0.0010235309600830078,
                    true
                ],
                [
                    0.0010004043579101562,
                    true
                ],
                [
                    0.0010004043579101562,
                    true
                ]
            ],
            "30001": [
                [
                    0.0010068416595458984,
                    true
                ],
                [
                    0.0,
                    true
                ],
                [
                    0.00099945068359375,
                    true
                ],
                [
                    0.0009789466857910156,
                    true
                ],
                [
                    0.0,
                    true
                ],
                [
                    0.0019376277923583984,
                    true
                ],
                [
                    0.0019974708557128906,
                    true
                ],
                [
                    0.001999378204345703,
                    true
                ],
                [
                    0.0020291805267333984,
                    true
                ],
                [
                    0.0,
                    true
                ]
            ],
            "40001": [
                [
                    0.003002166748046875,
                    true
                ],
                [
                    0.0029506683349609375,
                    true
                ],
                [
                    0.0029931068420410156,
                    true
                ],
                [
                    0.002992391586303711,
                    true
                ],
                [
                    0.0030052661895751953,
                    true
                ],
                [
                    0.0030660629272460938,
                    true
                ],
                [
                    0.0019941329956054688,
                    true
                ],
                [
                    0.0,
                    true
                ],
                [
                    0.002044200897216797,
                    true
                ],
                [
                    0.002933502197265625,
                    true
                ]
            ],
            "50001": [
                [
                    0.0029981136322021484,
                    true
                ],
                [
                    0.0030896663665771484,
                    true
                ],
                [
                    0.003057718276977539,
                    true
                ],
                [
                    0.0029916763305664062,
                    true
                ],
                [
                    0.002997875213623047,
                    true
                ],
                [
                    0.002941608428955078,
                    true
                ],
                [
                    0.0,
                    true
                ],
                [
                    0.0,
                    true
                ],
                [
                    0.0061490535736083984,
                    true
                ],
                [
                    0.003000497817993164,
                    true
                ]
            ],
            "60001": [
                [
                    0.002984762191772461,
                    true
                ],
                [
                    0.00400090217590332,
                    true
                ],
                [
                    0.0040013790130615234,
                    true
                ],
                [
                    0.0029375553131103516,
                    true
                ],
                [
                    0.0,
                    true
                ],
                [
                    0.0029921531677246094,
                    true
                ],
                [
                    0.0,
                    true
                ],
                [
                    0.004006624221801758,
                    true
                ],
                [
                    0.0,
                    true
                ],
                [
                    0.0030069351196289062,
                    true
                ]
            ],