{
    "start": 1,
    "stop": 100002,
    "step": 10000,
    "times": 10,
    "var": "n",
    "check_greedy": true,
    "results": {
        "greedy": {
            "1": [
                [
                    0.0,
                    true
                ],
                [
                    0.0,
                    true
                ],
                [
                    0.0,
                    true
                ],
                [
                    0.0,
                    true
                ],
                [
                    0.0,
                    true
                ],
                [
                    0.0,
                    true
                ],
                [
                    0.0,
                    true
                ],
                [
                    0.0,
                    true
                ],
                [
                    0.0,
                    true
                ],
                [
                    0.0,
                    true
                ]
            ],
            "10001": [
                [
                    0.0,
                    true
                ],
                [
                    0.0,
                    true
                ],
                [
                    0.0,
                    true
                ],
                [
                    0.0,
                    true
                ],
                [
                    0.0,
                    true
                ],
                [
                    0.0,
                    true
                ],
                [
                    0.0,
                    true
                ],
                [
                    0.0,
                    true
                ],
                [
                    0.0,
                    true
                ],
                [
                    0.0,
                    true
                ]
            ],
            "20001": [
                [
                    0.0007634162902832031,
                    true
                ],
                [
                    0.00762629508972168,
                    true
                ],
                [
                    0.0,
                    true
                ],
                [
                    0.0,
                    true
                ],
                [
                    0.00806570053100586,
                    true
                ],
                [
                    0.0,
                    true
                ],
                [
                    0.0,
                    true
                ],
                [
                    0.0,
                    true
                ],
                [
                    0.0,
                    true
                ],
                [
                    0.0,
                    true
                ]
            ],
            "30001": [
                [
                    0.0,
                    true
                ],
                [
                    0.0,
                    true
                ],
                [
                    0.002635955810546875,
                    true
                ],
                [
                    0.0,
                    true
                ],
                [
                    0.002245664596557617,
                    true
                ],
                [
                    0.0,
                    true
                ],
                [
                    0.0,
                    true
                ],
                [
                    0.001644134521484375,
                    true
                ],
                [
                    0.0019571781158447266,
                    true
                ],
                [
                    0.0,
                    true
                ]
            ],
            "40001": [
                [
                    0.0,
                    true
                ],
                [
                    0.004338264465332031,
                    true
                ],
                [
                    0.0,
                    true
                ],
                [
                    0.0,
                    true
                ],
                [
                    0.008099079132080078,
                    true
                ],
                [
                    0.0,
                    true
                ],
                [
                    0.0,
                    true
                ],
                [
                    0.008002996444702148,
                    true
                ],
                [
                    0.0,
                    true
                ],
                [
                    0.0,
                    true
                ]
            ],
            "50001": [
                [
                    0.00039839744567871094,
                    true
                ],
                [
                    0.00806879997253418,
                    true
                ],
                [
                    0.008107900619506836,
                    true
                ],
                [
                    0.008068323135375977,
                    true
                ],
                [
                    0.012486934661865234,
                    true
                ],
                [
                    0.008075475692749023,
                    true
                ],
                [
                    0.0,
                    true
                ],
                [
                    0.0051267147064208984,
                    true
                ],
                [
                    0.012283802032470703,
                    true
                ],
                [
                    0.008014917373657227,
                    true
                ]
            ],
            "60001": [
                [
                    0.008002758026123047,
                    true
                ],
                [
                    0.008071660995483398,
                    true
                ],
                [
                    0.0,
                    true
                ],
                [
                    0.008063793182373047,
                    true
                ],
                [
                    0.0,
                    true
                ],
                [
                    0.007902383804321289,
                    true
                ],
                [
                    0.0,
                    true
                ],
                [
                    0.007999181747436523,
                    true
                ],
                [
                    0.015475273132324219,
                    true
                ],
                [
                    0.011411905288696289,
                    true
                ]
            ],