{"start": 1, "stop": 20000001, "step": 2000000, "times": 10, "algorithm": "k_merge_dc", "var": "K", "results": {"20000001": [67.58794450759888, 67.45933055877686, 67.49224877357483, 67.44038701057434, 67.33592295646667, 67.34661269187927, 67.48194599151611, 67.36023950576782, 67.32936906814575, 67.61899876594543]}}