{
    "config": {
        "start": 50000,
        "stop": 50001,
        "step": 1,
        "var": "random",
        "do_greedy_knapsack": true,
        "do_dp_knapsack": true
    },
    "results": {
        "greedy_knapsack": {
            "50000": [
                0.00600433349609375,
                {
                    "0": [
                        1000,
                        1000,
                        1000,
                        1000,
                        1000,
                        1000,
                        1000,
                        1000,
                        1000,
                        1000,
                        1000,
                        1000,
                        1000,
                        1000,
                        1000,
                        1000,
                        1000,
                        1000,
                        1000,
                        1000,
                        1000,
                        1000,
                        1000,
                        1000,
                        1000,
                        1000,
                        1000,
                        1000,
                        1000,
                        1000,
                        1000,
                        1000,
                        1000,
                        1000,
                        1000,
                        1000,
                        1000,
                        1000,
                        1000,
                        1000,
                        1000,
                        1000,
                        1000,
                        1000,
                        1000,
                        1000,
                        1000,
                        1000,
                        1000,
                        1000
                    ]
                }
            ]
        },
        "dp_knapsack": {
            "50000": [
                618.5090291500092,
                {
                    "0": [
                        950,
                        786,
                        637,
                        827,
                        803,
                        963,
                        194,
                        711,
                        465,
                        413,
                        682,
                        81,
                        728,
                        816,
                        911,
                        358,
                        972,
                        123,
                        866,
                        641,
                        813,
                        453,
                        354,
                        875,
                        511,
                        141,
                        532,
                        652,
                        429,
                        965,
                        770,
                        138,
                        72,
                        680,
                        998,
                        803,
                        148,
                        533,
                        173,
                        742,
                        651,
                        376,
                        455,
                        181,
                        195,
                        105,
                        828,
                        339,
                        732,
                        758,
                        623,
                        62,
                        457,
                        842,
                        489,
                        450,
                        304,
                        890,
                        880,
                        671,
                        96,
                        804,
                        808,
                        271,
                        103,
                        966,
                        719,
                        643,
                        220,
                        807,
                        655,
                        555,
                        276,
                        614,
                        374,
                        729,
                        376,
                        634,
                        709,
                        534,
                        437,
                        115,
                        520,
                        175,
                        917,
                        158,
                        329,
                        189,
                        282,
                        549,
                        796,
                        643
                    ]
                }
            ]
        }
    }
}