{
    "config": {
        "start": 25013,
        "stop": 25014,
        "step": 1,
        "var": "random",
        "do_greedy_knapsack": true,
        "do_dp_knapsack": true
    },
    "results": {
        "greedy_knapsack": {
            "25013": [
                0.003098011016845703,
                {
                    "0": [
                        1000,
                        1000,
                        1000,
                        1000,
                        1000,
                        1000,
                        1000,
                        1000,
                        1000,
                        1000,
                        1000,
                        1000,
                        1000,
                        1000,
                        1000,
                        1000,
                        1000,
                        1000,
                        1000,
                        1000,
                        1000,
                        1000,
                        1000,
                        1000,
                        999,
                        14
                    ]
                }
            ]
        },
        "dp_knapsack": {
            "25013": [
                145.95722556114197,
                {
                    "0": [
                        479,
                        355,
                        636,
                        686,
                        581,
                        324,
                        116,
                        229,
                        885,
                        373,
                        265,
                        322,
                        839,
                        452,
                        535,
                        923,
                        879,
                        152,
                        392,
                        842,
                        915,
                        960,
                        195,
                        909,
                        647,
                        515,
                        533,
                        382,
                        995,
                        908,
                        722,
                        503,
                        66,
                        342,
                        991,
                        412,
                        645,
                        289,
                        453,
                        238,
                        195,
                        46,
                        232,
                        617,
                        630,
                        894,
                        514
                    ]
                }
            ]
        }
    }
}