{
    "config": {
        "start": 1,
        "stop": 10000002,
        "step": 1000000,
        "var": "E",
        "do_greedy_ours": false,
        "do_greedy_knapsack": true,
        "do_dp_knapsack": false
    },
    "results": {
        "greedy_knapsack": {
            "1": [
                0.0,
                {
                    "0": [
                        3
                    ],
                    "1": [
                        3
                    ],
                    "2": [
                        3
                    ],
                    "3": [
                        3
                    ],
                    "4": [
                        3
                    ],
                    "5": [
                        3
                    ],
                    "6": [
                        3
                    ],
                    "7": [
                        3
                    ],
                    "8": [
                        3
                    ],
                    "9": [
                        3
                    ]
                }
            ],
            "1000001": [
                0.6415050029754639,
                {
                    "0": [
                        4
                    ],
                    "1": [
                        4
                    ],
                    "2": [
                        4
                    ],
                    "3": [
                        4
                    ],
                    "4": [
                        4
                    ],
                    "5": [
                        4
                    ],
                    "6": [
                        4
                    ],
                    "7": [
                        4
                    ],
                    "8": [
                        4
                    ],
                    "9": [
                        4
                    ]
                }
            ],
            "2000001": [
                1.3112163543701172,
                {
                    "0": [
                        4
                    ],
                    "1": [
                        4
                    ],
                    "2": [
                        4
                    ],
                    "3": [
                        4
                    ],
                    "4": [
                        4
                    ],
                    "5": [
                        4
                    ],
                    "6": [
                        4
                    ],
                    "7": [
                        4
                    ],
                    "8": [
                        4
                    ],
                    "9": [
                        4
                    ]
                }
            ],
            "3000001": [
                1.940415620803833,
                {
                    "0": [
                        4
                    ],
                    "1": [
                        4
                    ],
                    "2": [
                        4
                    ],
                    "3": [
                        4
                    ],
                    "4": [
                        4
                    ],
                    "5": [
                        4
                    ],
                    "6": [
                        4
                    ],
                    "7": [
                        4
                    ],
                    "8": [
                        4
                    ],
                    "9": [
                        4
                    ]
                }
            ],
            "4000001": [
                2.677824020385742,
                {
                    "0": [
                        4
                    ],
                    "1": [
                        4
                    ],
                    "2": [
                        4
                    ],
                    "3": [
                        4
                    ],
                    "4": [
                        4
                    ],
                    "5": [
                        4
                    ],
                    "6": [
                        4
                    ],
                    "7": [
                        4
                    ],
                    "8": [
                        4
                    ],
                    "9": [
                        4
                    ]
                }
            ],
            "5000001": [
                3.259716510772705,
                {
                    "0": [
                        4
                    ],
                    "1": [
                        4
                    ],
                    "2": [
                        4
                    ],
                    "3": [
                        4
                    ],
                    "4": [
                        4
                    ],
                    "5": [
                        4
                    ],
                    "6": [
                        4
                    ],
                    "7": [
                        4
                    ],
                    "8": [
                        4
                    ],
                    "9": [
                        4
                    ]
                }
            ],
            "6000001": [
                4.001615047454834,
                {
                    "0": [
                        4
                    ],
                    "1": [
                        4
                    ],
                    "2": [
                        4
                    ],
                    "3": [
                        4
                    ],
                    "4": [
                        4
                    ],
                    "5": [
                        4
                    ],
                    "6": [
                        4
                    ],
                    "7": [
                        4
                    ],
                    "8": [
                        4
                    ],
                    "9": [
                        4
                    ]
                }
            ],
            "7000001": [
                4.668362617492676,
                {
                    "0": [
                        4
                    ],
                    "1": [
                        4
                    ],
                    "2": [
                        4
                    ],
                    "3": [
                        4
                    ],
                    "4": [
                        4
                    ],
                    "5": [
                        4
                    ],
                    "6": [
                        4
                    ],
                    "7": [
                        4
                    ],
                    "8": [
                        4
                    ],
                    "9": [
                        4
                    ]
                }
            ],
            "8000001": [
                5.5268449783325195,
                {
                    "0": [
                        4
                    ],
                    "1": [
                        4
                    ],
                    "2": [
                        4
                    ],
                    "3": [
                        4
                    ],
                    "4": [
                        4
                    ],